period,paid,length,subperiods,matchType,percentChangePerSecond,numGroups,payoffFunction,name,min,max,Aa,Ab,Ba,Bb,mixed,selector,matrixDisplay,showHeatmapLegend
1,TRUE,60,0,pair,1,1,matrix2x2,hd,0,15,0,15,3,9,TRUE,heatmap2d,HeatmapBoth,TRUE
2,TRUE,60,6,pair,NaN,1,matrix2x2,hd,0,15,0,15,3,9,TRUE,heatmap2d,HeatmapBoth,TRUE
3,TRUE,60,0,pair,NaN,2,matrix2x2,hd,0,15,0,15,3,9,TRUE,heatmap2d,HeatmapBoth,TRUE
4,TRUE,60,0,self,NaN,1,matrix2x2,hd,0,15,0,15,3,9,TRUE,heatmap2d,HeatmapBoth,TRUE
5,TRUE,60,0,pair,0.1,1,matrix2x2,hd,0,15,0,15,3,9,TRUE,heatmap2d,HeatmapSingle,TRUE
6,TRUE,60,0,pair,0.1,1,matrix2x2,hd,0,15,0,15,3,9,TRUE,heatmap2d,HeatmapBoth,TRUE
7,TRUE,60,0,pair,0.1,1,matrix2x2,hd,0,15,0,15,3,9,TRUE,heatmap2d,corners,TRUE
