period,paid,length,subperiods,percentChangePerSecond,groupSize,matchType,payoffFunction,name,min,max,Aa,Ab,Ba,Bb,mixed,selector,matrixDisplay,showHeatmapLegend
1,TRUE,60,0,NaN,1,pair,matrix2x2,first,0,17,10,0,18,4,,pure,,
2,TRUE,60,1,NaN,1,pair,matrix2x2,first,0,17,10,0,18,4,,pure,,
3,TRUE,60,6,NaN,1,pair,matrix2x2,first,0,17,10,0,18,4,,pure,,
4,TRUE,60,0,NaN,1,pair,matrix2x2,first,0,17,10,0,18,4,TRUE,heatmap2d,HeatmapSingle,TRUE
5,TRUE,60,0,NaN,1,pair,matrix2x2,first,0,17,10,0,18,4,TRUE,heatmap2d,Corners,TRUE
6,TRUE,60,0,NaN,1,pair,matrix2x2,first,0,17,10,0,18,4,TRUE,heatmap2d,HeatmapBoth,TRUE
